Language,original,english,czech,german,russian,polish,hungarian,italian,spanish,french,chinese,japanese
STR_CfgVehicles_ZenCarWorkbench0,"Vehicle Workbench","Vehicle Workbench","Pracovní stůl pro vozidla","Fahrzeugwerkbank","Верстак для транспортных средств","Stół warsztatowy pojazdów","Jármű munkapad","Banco da lavoro per veicoli","Banco de trabajo para vehículos","Établi de véhicule","車輛工作台","車両作業台"
STR_CfgVehicles_ZenCarWorkbench1,"A workbench perfect for mechanics","A workbench perfect for mechanics","Pracovní stůl ideální pro mechaniky","Eine Werkbank perfekt für Mechaniker","Верстак, идеальный для механика","Stół warsztatowy idealny dla mechaników","Mechanikusoknak tökéletes munkaasztal","Un banco da lavoro perfetto per i meccanici","Un banco de trabajo perfecto para mecánicos","Un établi parfait pour les mécaniciens","適合機械師的工作台","メカニックに最適な作業台"
STR_CfgVehicles_ZenCarWorkbenchKit0,"Vehicle Workbench Kit","Vehicle Workbench Kit","Sada pracovních stolů pro vozidla","Fahrzeug-Werkbank-Kit","Комплект рабочего места для автомобиля","Zestaw warsztatowy do pojazdów","Jármű munkapad készlet","Kit banco da lavoro per veicoli","Kit de banco de trabajo para vehículos","Kit d'établi pour véhicule","車輛工作台套件","車両作業台キット"
STR_CfgVehicles_ZenSprayCan,"Spraycan","Spraycan","Plechovka spreje","Sprühdose","Аэрозоль","Spray","Festékszóró","Bombola spray","Lata de aerosol","Aérosol","噴霧罐","スプレー缶"
STR_CfgVehicles_ZENVIKINGAXE0,"Viking Axe","Viking Axe","Viking Axe","Wikingeraxt","Топор викинга","Topór Wikingów","Viking Axe","Ascia vichinga","Hacha vikinga","Hache viking","維京斧頭","バイキングアックス"
STR_Zen_ImprovisedShelter0,"Camo Net Shelter","Camo Net Shelter","Camo Net úkryt","Tarnnetz-Schutz","Камуфляжное укрытие","Schronienie z siatki kamuflażowej","Camo Net Shelter","Riparo in rete mimetica","Refugio de red de camuflaje","Abri en filet de camouflage","迷彩網庇護所","迷彩ネットシェルター"
STR_Zen_ImprovisedShelter1,"An improvised shelter made from a camo net","An improvised shelter made from a camo net","Improvizovaný úkryt vyrobený z maskovací sítě","Ein improvisierter Unterschlupf aus einem Tarnnetz","Импровизированное укрытие из камуфляжной сети.","Improwizowane schronienie wykonane z siatki maskującej","Terephálóból készült rögtönzött menedék","Un rifugio improvvisato realizzato con una rete mimetica","Un refugio improvisado hecho con una red de camuflaje.","Un abri improvisé fabriqué à partir d'un filet de camouflage","迷彩網製成的臨時庇護所","カモフラージュネットで作った即席のシェルター"
STR_ZenFireFuel0,"Gasoline","Gasoline","Benzín","Benzin","Бензин","Benzyna","Benzin","Benzina","Gasolina","De l'essence","汽油","ガソリン"
STR_ZenFireFuel1,"This fireplace has been soaked in gasoline","This fireplace has been soaked in gasoline","Tento krb byl napuštěný benzínem","Dieser Kamin wurde mit Benzin getränkt","Этот камин пропитан бензином","Kominek został zalany benzyną","Ezt a kandallót benzinnel áztatták","Questo caminetto è stato immerso nella benzina","Esta chimenea ha sido empapada en gasolina.","Cette cheminée a été trempée dans l'essence","這個壁爐已經被汽油浸透了","この暖炉はガソリンに浸かっています"
STR_ZenLeftoversDescription,"It must have been recently discarded by a survivor...","It must have been recently discarded by a survivor...","Musel to být nedávno vyřazen přeživším","Es muss kürzlich von einem Überlebenden weggeworfen worden sein","Должно быть, его недавно выбросил выживший.","Musiał zostać niedawno wyrzucony przez ocalałego","Biztosan nemrég dobta ki egy túlélő","Deve essere stato scartato di recente da un sopravvissuto","Debe haber sido descartado recientemente por un sobreviviente.","Il a dû être récemment abandonné par un survivant","它一定是最近被倖存者丟棄的","最近生存者によって捨てられたに違いない"
STR_ZenLeftoversMedDescription,"It must have been recently discarded by a survivor. I wonder if they're still alive...","It must have been recently discarded by a survivor. I wonder if they're still alive...","Musel to být nedávno vyřazen přeživšímZajímalo by mě, jestli jsou ještě naživu.","Es muss kürzlich von einem Überlebenden weggeworfen worden seinIch frage mich, ob sie noch am Leben sind.","Должно быть, его недавно выбросил выживший.Интересно, они еще живы.","Musiał zostać niedawno wyrzucony przez ocalałegoCiekawe, czy jeszcze żyją.","Biztosan nemrég dobta ki egy túlélőKíváncsi vagyok, élnek-e még.","Deve essere stato scartato di recente da un sopravvissutoMi chiedo se siano ancora vivi.","Debe haber sido descartado recientemente por un sobreviviente.Me pregunto si todavía están vivos.","Il a dû être récemment abandonné par un survivantJe me demande s'ils sont encore en vie.","它一定是最近被倖存者丟棄的我想知道他們是否還活著.","最近生存者によって捨てられたに違いない彼らはまだ生きているのだろうか."
STR_ZenLeftoversEmpty,"Empty","Empty","Prázdný","Leer","Пустой","Pusty","Üres","Vuoto","Vacío","Vide","空的","空の"
STR_ZenLeftoversUsed,"Used","Used","Použitý","Gebraucht","Использовал","Używany","Használt","Usato","Usado","Utilisé","用過的","使用済み"
STR_ZenArtilleryGrenade0,"Artillery Strike Signal","Artillery Strike Signal","Signál dělostřeleckého úderu","Artillerie-Angriffssignal","Сигнал артиллерийского удара","Sygnał uderzenia artylerii","Tüzérségi csapásjelző","Segnale di attacco dell'artiglieria","Señal de ataque de artillería","Signal de frappe d'artillerie","砲擊訊號","砲撃信号"
STR_ZenArtilleryGrenade1,"A bright red smoke grenade used to call in an artillery strike from the UN. Particularly useful against infected, but can also be lethal against humans. Make sure to throw it far away from you or else you risk danger-close bombs falling on you.","A bright red smoke grenade used to call in an artillery strike from the UN. Particularly useful against infected, but can also be lethal against humans. Make sure to throw it far away from you or else you risk danger-close bombs falling on you.","Jasně červený kouřový granát přivolával dělostřelecký úder OSNZvláště užitečné proti infikovaným, ale může být také smrtelné pro lidi. Ujistěte se, že ho házíte daleko od sebe, jinak riskujete, že na vás spadnou nebezpečné bomby.","Eine leuchtend rote Rauchgranate löste früher einen Artillerieangriff der UN ausBesonders nützlich gegen Infizierte, kann aber auch für Menschen tödlich sein. Stellen Sie sicher, dass Sie es weit weg von sich werfen, da Sie sonst Gefahr laufen, dass Bomben in unmittelbarer Nähe auf Sie fallen.","Ярко-красная дымовая граната вызывала артиллерийский удар ООНОсобенно полезен против зараженных, но может быть смертельным и для человека.. Обязательно бросайте его подальше от себя, иначе вы рискуете упасть на вас с близкого расстояния..","Jasnoczerwony granat dymny wzywał do ataku artyleryjskiego ONZSzczególnie przydatny przeciwko zarażonym, ale może być również zabójczy dla ludzi. Pamiętaj, aby rzucić go daleko od siebie, w przeciwnym razie ryzykujesz, że spadną na ciebie bomby z bliskiej odległości.","Egy élénkvörös füstgránát tüzérségi csapást mért az ENSZ-bőlKülönösen hasznos fertőzöttek ellen, de emberre is halálos lehet. Ügyeljen arra, hogy távolabb dobja magától, különben megkockáztatja, hogy veszélyes bombák esnek rátok.","Una granata fumogena rosso brillante veniva utilizzata per richiamare un attacco di artiglieria da parte delle Nazioni UniteParticolarmente utile contro gli infetti, ma può essere letale anche contro gli esseri umani. Assicurati di lanciarlo lontano da te, altrimenti rischi che bombe pericolose ti cadano addosso.","Una granada de humo de color rojo brillante utilizada para solicitar un ataque de artillería de la ONU.Particularmente útil contra infectados, pero también puede ser letal contra humanos.. Asegúrate de tirarlo lejos de ti o corres el riesgo de que te caigan bombas cercanas..","Une grenade fumigène rouge vif utilisée pour appeler à une frappe d'artillerie de l'ONUParticulièrement utile contre les infectés, mais peut aussi être mortel contre les humains. Assurez-vous de le jeter loin de vous, sinon vous risquez que des bombes dangereuses vous tombent dessus..","一枚鮮紅色的煙霧彈用來呼叫聯合國進行砲擊對感染者特別有用，但對人類也可能致命. 確保將其扔得離你很遠，否則你可能會面臨危險接近的炸彈落在你身上的風險.","国連の砲撃を呼び掛けるために使用された真っ赤な発煙手榴弾感染者に対して特に有効ですが、人間に対しては致命的になる可能性もあります. 必ず遠くに投げてください。そうしないと、危険な爆弾が落ちてくる危険があります。."
STR_ZenArtilleryChemGrenade0,"Chemical Strike Signal","Chemical Strike Signal","Signál chemického úderu","Chemisches Angriffssignal","Сигнал химического удара","Sygnał uderzenia chemicznego","Chemical Strike Signal","Segnale di attacco chimico","Señal de ataque químico","Signal de frappe chimique","化學打擊訊號","ケミカルストライクシグナル"
STR_ZenArtilleryChemGrenade1,"A bright green smoke grenade used to call in a chemical artillery strike from the UN. Particularly useful against infected, but can also be lethal against humans. Make sure to throw it far away from you or else you risk danger-close bombs falling on you.","A bright green smoke grenade used to call in a chemical artillery strike from the UN. Particularly useful against infected, but can also be lethal against humans. Make sure to throw it far away from you or else you risk danger-close bombs falling on you.","Jasně zelený dýmový granát přivolával chemický dělostřelecký úder z OSNZvláště užitečné proti infikovaným, ale může být také smrtelné pro lidi. Ujistěte se, že ho házíte daleko od sebe, jinak riskujete, že na vás spadnou nebezpečné bomby.","Eine hellgrüne Rauchgranate löste früher einen chemischen Artillerieangriff der UN ausBesonders nützlich gegen Infizierte, kann aber auch für Menschen tödlich sein. Stellen Sie sicher, dass Sie es weit weg von sich werfen, da Sie sonst Gefahr laufen, dass Bomben in unmittelbarer Nähe auf Sie fallen.","Ярко-зеленая дымовая граната вызвала химический артиллерийский удар ООН.Особенно полезен против зараженных, но может быть смертельным и для человека.. Обязательно бросайте его подальше от себя, иначе вы рискуете упасть на вас с близкого расстояния..","Jasnozielony granat dymny wzywał do ataku artylerii chemicznej ONZSzczególnie przydatny przeciwko zarażonym, ale może być również zabójczy dla ludzi. Pamiętaj, aby rzucić go daleko od siebie, w przeciwnym razie ryzykujesz, że spadną na ciebie bomby z bliskiej odległości.","Élénkzöld füstgránáttal vegyi tüzérségi csapást mértek az ENSZ-bőlKülönösen hasznos fertőzöttek ellen, de emberre is halálos lehet. Ügyeljen arra, hogy távolabb dobja magától, különben megkockáztatja, hogy veszélyes bombák esnek rád.","Una granata fumogena verde brillante veniva utilizzata per richiedere un attacco di artiglieria chimica da parte delle Nazioni UniteParticolarmente utile contro gli infetti, ma può essere letale anche contro gli esseri umani. Assicurati di lanciarlo lontano da te, altrimenti rischi che bombe pericolose ti cadano addosso.","Una granada de humo verde brillante utilizada para solicitar un ataque de artillería química de la ONU.Particularmente útil contra infectados, pero también puede ser letal contra humanos.. Asegúrate de tirarlo lejos de ti o corres el riesgo de que te caigan bombas cercanas..","Une grenade fumigène vert vif utilisée pour appeler à une frappe d'artillerie chimique de l'ONUParticulièrement utile contre les infectés, mais peut aussi être mortel contre les humains. Assurez-vous de le jeter loin de vous, sinon vous risquez que des bombes dangereuses vous tombent dessus..","一枚亮綠色煙霧手榴彈用於呼叫聯合國發動化學炮攻擊對感染者特別有用，但對人類也可能致命. 確保把它扔得離你很遠，否則你就有危險近距離炸彈落在你身上的風險.","国連の化学砲撃を呼び掛けるために使用された明るい緑色の発煙手榴弾感染者に対して特に有効ですが、人間に対しては致命的になる可能性もあります. 必ず遠くに投げてください。そうしないと、危険な爆弾が落ちてくる危険があります。."
STR_ZenRain_Txt,"Catch rain","Catch rain","Chytit déšť","Regen auffangen","Поймать дождь","Złap deszcz","Elkapni az esőt","Prendi la pioggia","atrapar la lluvia","Attraper la pluie","趕雨","雨を降らせる"
STR_ZenTireRackWheel,"Tire","Tire","Pneumatika","Reifen","Шина","Opona","Gumi","Pneumatico","Neumático","Pneu","胎","タイヤ"
STR_ZenTireRackName,"Tire Rack","Tire Rack","Stojan na pneumatiky","Reifenregal","Стойка для шин","Stojak na opony","Gumiabroncstartó","Rastrelliera per pneumatici","Estante para llantas","Support à pneus","輪胎架","タイヤラック"
STR_ZenTireRackDesc,"A great place to store tires","A great place to store tires","Skvělé místo pro uložení pneumatik","Ein toller Ort zum Aufbewahren von Reifen","Отличное место для хранения шин","Świetne miejsce do przechowywania opon","Kiváló hely a gumik tárolására","Un ottimo posto per riporre gli pneumatici","Un gran lugar para guardar neumáticos.","Un endroit idéal pour stocker les pneus","存放輪胎的好地方","タイヤを保管するのに最適な場所"
STR_ZenCraftTireRack,"Craft Tire Rack","Craft Tire Rack","Řemeslný stojan na pneumatiky","Craft-Reifenständer","Ремесленная стойка для шин","Rzemieślniczy stojak na opony","Kézműves gumiabroncstartó","Porta gomme artigianale","Estante para neumáticos artesanales","Support à pneus artisanal","製程輪胎架","クラフトタイヤラック"
STR_ZenChessBoardName,"Chessboard","Chessboard","Šachovnice","Schachbrett","шахматная доска","Szachownica","Sakktábla","Scacchiera","Tablero de ajedrez","Échiquier","棋盤","チェス盤"
STR_ZenChessBoardDesc,"A gameboard used to play chess, made from using a knife on a wooden plank. During play, the board is oriented such that each player's near-right corner square is a light square. The Queen is placed on the same color square as her piece's color. Pieces can be made by using a knife on bark.","A gameboard used to play chess, made from using a knife on a wooden plank. During play, the board is oriented such that each player's near-right corner square is a light square. The Queen is placed on the same color square as her piece's color. Pieces can be made by using a knife on bark.","Hrací deska používaná ke hraní šachů, vyrobená z použití nože na dřevěné desceBěhem hry je hrací deska orientována tak, že pole každého hráče v blízkosti pravého rohu je světlé pole. Královna je umístěna na stejném barevném čtverci, jako je barva její figurkyKusy lze vyrobit pomocí nože na kůru.","Ein Spielbrett zum Schachspielen, das aus der Verwendung eines Messers auf einem Holzbrett bestehtWährend des Spiels wird das Spielbrett so ausgerichtet, dass das Quadrat in der Nähe der rechten Ecke jedes Spielers ein helles Quadrat ist. Die Königin wird auf das gleiche Farbfeld wie die Farbe ihres Steins gesetztMit einem Messer können Stücke aus Rinde hergestellt werden.","Игровая доска для игры в шахматы, сделанная ножом на деревянной доске.Во время игры доска ориентирована таким образом, что почти правый угловой квадрат каждого игрока представляет собой светлый квадрат.. Ферзь размещается на поле того же цвета, что и цвет ее фигуры.Кусочки можно","Plansza do gry w szachy, wykonana z użycia noża na drewnianej descePodczas gry plansza jest zorientowana w taki sposób, że prawie prawy róg każdego gracza jest jasnym kwadratem. Królowa jest umieszczana na kwadracie tego samego koloru, co kolor jej pionkaKawałki można wykonać za pomocą noża na korze.","A sakkozáshoz használt játéktábla, amely egy fa deszkán lévő késsel készültA játék során a tábla úgy van elhelyezve, hogy minden játékos jobbhoz közeli sarokmezője világos négyzet legyen. A királynő ugyanolyan színű négyzetre kerül, mint a darabja színeDarabokat készíthetünk késsel a kéregre.","Un tabellone utilizzato per giocare a scacchi, realizzato utilizzando un coltello su una tavola di legnoDurante il gioco, il tabellone è orientato in modo tale che la casella nell'angolo vicino a destra di ogni giocatore sia una casella chiara. La Regina viene posizionata sulla casella dello stesso colore del colore del suo pezzoI pezzi possono essere realizzati utilizzando un coltello sulla corteccia.","Un tablero utilizado para jugar al ajedrez, hecho con un cuchillo sobre una tabla de madera.Durante el juego, el tablero está orientado de manera que el cuadrado de la esquina derecha de cada jugador sea un cuadrado claro.. La Reina se coloca en la casilla del mismo color que el color de su pieza.Se pueden hacer piezas usando un cuchillo sobre la corteza..","Un plateau de jeu utilisé pour jouer aux échecs, fabriqué à l'aide d'un couteau sur une planche de boisPendant le jeu, le plateau est orienté de telle sorte que la case du coin le plus à droite de chaque joueur soit une case claire.. La Reine est placée sur la même case de couleur que celle de sa pièce.Les morceaux peuvent être fabriqués en utilisant un couteau sur l'écorce.","用於下棋的遊戲板，由在木板上使用刀製成在遊戲過程中，棋盤的方向使得每個玩家的近右角方塊都是淺色方塊. 女王被放置在與她的棋子顏色相同的顏色方塊上可以用刀子在樹皮上製作碎片.","木の板にナイフを使って作られた、チェスをプレイするために使用されるゲーム盤プレイ中、ボードは各プレイヤーの右隅近くの正方形が明るい正方形になるように方向付けられます。. 女王は自分の駒の色と同じ色のマス目に配置されます樹皮にナイフを使って作品を作ることができます."
STR_ZenChessPieceDesc,"A chess piece made from the bark of a tree","A chess piece made from the bark of a tree","Šachová figurka vyrobená z kůry stromu","Eine Schachfigur aus der Rinde eines Baumes","Шахматная фигура, сделанная из коры дерева.","Figura szachowa wykonana z kory drzewa","Egy fa kérgéből készült sakkfigura","Un pezzo degli scacchi ricavato dalla corteccia di un albero","Una pieza de ajedrez hecha con la corteza de un árbol.","Une pièce d'échec fabriquée à partir de l'écorce d'un arbre","用樹皮製成的棋子","木の皮から作られたチェスの駒"
STR_ZenChessPawn,"Pawn","Pawn","Pěšák","Bauer","Пешка","Pionek","Zálog","Impegnare","Empeñar","Pion","典當","ポーン"
STR_ZenChessBishop,"Bishop","Bishop","Biskup","Bischof","Епископ","Biskup","Püspök","Vescovo","obispo","Évêque","主教","司教"
STR_ZenChessKing,"King","King","Král","König","Король","Król","király","Re","Rey","Roi","國王","王"
STR_ZenChessKnight,"Knight","Knight","Rytíř","Ritter","Рыцарь","Rycerz","Lovag","Cavaliere","Caballero","Chevalier","騎士","騎士"
STR_ZenChessQueen,"Queen","Queen","Královna","Königin","Королева","królowa","Királynő","Regina","Reina","Reine","女王","女王"
STR_ZenChessRook,"Rook","Rook","Havran","Turm","ладья","Wieża","Rook","Torre","Torre","Tour","車","ルーク"
STR_ZenEarPlugsTxt,"Ear Plugs - Toggle On/Off","Ear Plugs - Toggle On/Off","Špunty do uší – Zapnutí/Vypnutí","Ohrstöpsel – Ein-/Ausschalten","Беруши – включение/выключение","Zatyczki do uszu — włączanie/wyłączanie","Füldugók – Be/Ki","Tappi per le orecchie: attiva/disattiva","Tapones para los oídos: activar/desactivar","Bouchons d'oreilles - Activer/Désactiver","耳塞 - 打開/關閉","耳栓 - オン/オフを切り替えます"
STR_ZenEarPlugsIncreaseTxt,"Ear Plugs - Increase Volume","Ear Plugs - Increase Volume","Špunty do uší - Zvyšte hlasitost","Ohrstöpsel – erhöhen die Lautstärke","Беруши – увеличение громкости","Zatyczki do uszu – zwiększ głośność","Füldugók – Hangerő növelése","Tappi per le orecchie: aumenta il volume","Tapones para los oídos - Aumentar el volumen","Bouchons d'oreilles - Augmenter le volume","耳塞 - 增加音量","耳栓 - 音量を上げる"
STR_ZenEarPlugsDecreaseTxt,"Ear Plugs - Decrease Volume","Ear Plugs - Decrease Volume","Špunty do uší - Snížení hlasitosti","Ohrstöpsel – Lautstärke verringern","Беруши – уменьшение громкости","Zatyczki do uszu – zmniejszenie głośności","Füldugók – Hangerő csökkentése","Tappi per le orecchie - Diminuisci il volume","Tapones para los oídos - Disminuir el volumen","Bouchons d'oreilles - Diminuer le volume","耳塞 - 降低音量","耳栓 - 音量を下げる"
STR_CraftZenCamoShelterKit,"Craft camo shelter kit","Craft camo shelter kit","Řemeslná sada camo přístřešku","Craft-Camouflage-Set","Комплект камуфляжного убежища","Zestaw schronu do kamuflażu Craft","Kézműves terepjáró menedékkészlet","Kit di protezione mimetica artigianale","Kit de refugio de camuflaje artesanal","Kit d'abri camouflage artisanal","工藝迷彩避難所套件","クラフト迷彩シェルターキット"
STR_CauseOfDeath_Txt,"Check cause of death","Check cause of death","Zkontrolujte příčinu smrti","Todesursache prüfen","Проверить причину смерти","Sprawdź przyczynę śmierci","Ellenőrizze a halál okát","Controlla la causa della morte","Comprobar causa de muerte","Vérifier la cause du décès","檢查死因","死因を調べる"
STR_ZenAutoRunTxt,"AutoRun - Toggle On/Off","AutoRun - Toggle On/Off","AutoRun - Zapnutí/vypnutí","AutoRun – Ein-/Ausschalten","Автозапуск – включение/выключение","Automatyczne uruchamianie — włączanie/wyłączanie","AutoRun – Be/Ki","Esecuzione automatica: attiva/disattiva","Ejecución automática: activar/desactivar","AutoRun - Activer/Désactiver","自動運轉 - 切換開/關","自動実行 - オン/オフを切り替えます"
STR_ZenNoteTxt,"Note","Note","Poznámka","Notiz","Примечание","Notatka","jegyzet","Nota","Nota","Note","筆記","注記"
STR_ZenNoteDesc,"It's a written note left behind by a survivor...","It's a written note left behind by a survivor...","Je to písemná poznámka, kterou po sobě zanechal přeživší","Es ist eine schriftliche Notiz, die ein Überlebender hinterlassen hat","Это записка, оставленная выжившим.","To pisemna notatka pozostawiona przez ocalałego","Ez egy írásos feljegyzés, amelyet egy túlélő hagyott hátra","È un biglietto scritto lasciato da un sopravvissuto","Es una nota escrita dejada por un sobreviviente.","C'est une note écrite laissée par un survivant","這是倖存者留下的一張紙條","それは生存者が残した手記だ"
STR_ZenNoteStyle,"Select Style","Select Style","Vyberte Styl","Wählen Sie Stil aus","Выберите стиль","Wybierz Styl","Válassza a Stílus lehetőséget","Seleziona Stile","Seleccionar estilo","Sélectionnez le style","選擇風格","スタイルの選択"
STR_ZenPen_Black,"Black Pen","Black Pen","Černé pero","Schwarzer Stift","Черная ручка","Czarny długopis","Fekete toll","Penna nera","Lápiz negro","Stylo noir","駭筆","黒ペン"
STR_ZenPen_Red,"Red Pen","Red Pen","Červené pero","Roter Stift","Красное перо","Czerwony długopis","Piros toll","Penna rossa","Boligrafo rojo","Stylo rouge","紅筆","赤いペン"
STR_ZenPen_Green,"Green Pen","Green Pen","Zelené pero","Grüner Stift","Зеленая ручка","Zielony długopis","Zöld toll","Penna Verde","Bolígrafo verde","Stylo vert","綠筆","緑のペン"
STR_ZenPen_Blue,"Blue Pen","Blue Pen","Modré pero","Blauer Stift","Синяя ручка","Niebieski długopis","Kék toll","Penna blu","Bolígrafo azul","Stylo bleu","藍色筆","青ペン"
STR_ZenPen_Pink,"Pink Pen","Pink Pen","Růžové pero","Rosa Stift","Розовая ручка","Różowy długopis","Rózsaszín toll","Penna rosa","Bolígrafo rosa","Stylo Rose","粉紅筆","ピンクのペン"
STR_ZenPen_Purple,"Purple Pen","Purple Pen","Fialové pero","Lila Stift","Фиолетовая ручка","Fioletowy długopis","Lila toll","Penna viola","Bolígrafo morado","Stylo violet","紫色筆","紫ペン"
STR_ZenPen_Orange,"Orange Pen","Orange Pen","Oranžové pero","Orangefarbener Stift","Оранжевая ручка","Pomarańczowy długopis","Narancssárga toll","Penna arancione","Bolígrafo naranja","Stylo Orange","橘色筆","オレンジペン"
zen_layout_logout_dialog_note_killed_cb,"The character stays on the server during the countdown, and if you exit before the countdown finishes you will be killed for leaving during combat!","The character stays on the server during the countdown, and if you exit before the countdown finishes you will be killed for leaving during combat!","Postava zůstává na serveru během odpočítávání, a pokud odejdete před dokončením odpočítávání, budete zabiti za odchod během boje","Der Charakter bleibt während des Countdowns auf dem Server. Wenn Sie den Server verlassen, bevor der Countdown abgelaufen ist, werden Sie getötet, weil Sie ihn während des Kampfes verlassen haben","Персонаж остается на сервере во время обратного отсчета, и если вы выйдете до завершения обратного отсчета, вы будете убиты за уход во время боя.","Postać pozostaje na serwerze podczas odliczania i jeśli wyjdziesz przed zakończeniem odliczania, zostaniesz zabity za opuszczenie serwera podczas walki","A karakter a szerveren marad a visszaszámlálás alatt, és ha kilépsz, mielőtt a visszaszámlálás véget érne, akkor megölnek, mert elhagyta a harcot.","Il personaggio rimane sul server durante il conto alla rovescia e se esci prima che finisca il conto alla rovescia verrai ucciso per aver lasciato durante il combattimento","El personaje permanece en el servidor durante la cuenta atrás, y si sales antes de que termine la cuenta atrás, te matarán por salir durante el combate.","Le personnage reste sur le serveur pendant le compte à rebours, et si vous quittez avant la fin du compte à rebours, vous serez tué pour avoir quitté le combat.","倒數計時期間角色留在伺服器上，如果您在倒數結束之前退出，您將因在戰鬥中離開而被殺死","キャラクターはカウントダウン中サーバーに留まり、カウントダウンが終了する前に終了すると、戦闘中に離脱したとして殺されます。"
zen_layout_logout_dialog_note_killed_cb2,"The character stays on the server during the countdown, and if you exit before the countdown finishes a signal flare will be lit under you for leaving during combat!","The character stays on the server during the countdown, and if you exit before the countdown finishes a signal flare will be lit under you for leaving during combat!","Postava během odpočítávání zůstává na serveru, a pokud odejdete před dokončením odpočítávání, rozsvítí se pod vámi signální světlice k odchodu během boje.","Der Charakter bleibt während des Countdowns auf dem Server. Wenn Sie den Server verlassen, bevor der Countdown abgelaufen ist, wird unter Ihnen eine Signalfackel angezündet, damit Sie ihn während des Kampfes verlassen können","Персонаж остается на сервере во время обратного отсчета, и если вы выйдете до окончания обратного отсчета, под вами загорится сигнальная ракета об уходе во время боя.","Postać pozostaje na serwerze podczas odliczania, a jeśli wyjdziesz przed zakończeniem odliczania, pod tobą zapali się flara sygnałowa sygnalizująca opuszczenie serwera podczas walki","A karakter a szerveren marad a visszaszámlálás alatt, és ha kilépsz, mielőtt a visszaszámlálás véget érne, egy jelzőfáklya világít alattad a harc közbeni távozáshoz","Il personaggio rimane sul server durante il conto alla rovescia e se esci prima che il conto alla rovescia finisca sotto di te verrà acceso un segnale luminoso per uscire durante il combattimento","El personaje permanece en el servidor durante la cuenta regresiva, y si sales antes de que finalice la cuenta regresiva, se encenderá una bengala debajo de ti para salir durante el combate.","Le personnage reste sur le serveur pendant le compte à rebours, et si vous quittez avant la fin du compte à rebours, une fusée éclairante sera allumée sous vous pour quitter pendant le combat.","角色在倒數計時期間留在伺服器上，如果您在倒數結束之前退出，您下方會點亮信號彈，以便在戰鬥中離開","キャラクターはカウントダウン中サーバーに留まり、カウントダウンが終了する前にサーバーから出ると、戦闘中に離脱したことを示す信号弾があなたの下に点灯します。"
zen_layout_logout_dialog_note_cb,"The character stays on the server during the countdown, and the countdown is extended due to our automated combat logout detection.","The character stays on the server during the countdown, and the countdown is extended due to our automated combat logout detection.","Postava během odpočítávání zůstává na serveru a odpočítávání se prodlužuje díky naší automatické detekci odhlášení z boje","Der Charakter bleibt während des Countdowns auf dem Server und der Countdown wird aufgrund unserer automatischen Kampfabmeldeerkennung verlängert","Персонаж остается на сервере во время обратного отсчета, а обратный отсчет продлевается благодаря нашему автоматическому обнаружению выхода из боя.","Postać pozostaje na serwerze podczas odliczania, a odliczanie jest wydłużane dzięki automatycznemu wykrywaniu wylogowania z walki","A karakter a szerveren marad a visszaszámlálás alatt, és a visszaszámlálás meghosszabbodik az automatizált harci kijelentkezés észlelésnek köszönhetően","Il personaggio rimane sul server durante il conto alla rovescia e il conto alla rovescia viene prolungato grazie al rilevamento automatico delle disconnessione dal combattimento","El personaje permanece en el servidor durante la cuenta regresiva y la cuenta regresiva se extiende debido a nuestra detección automática de cierre de sesión de combate.","Le personnage reste sur le serveur pendant le compte à rebours, et le compte à rebours est prolongé grâce à notre détection automatisée de déconnexion du combat.","倒數計時期間角色會留在伺服器上，並且由於我們的自動戰鬥註銷檢測，倒數計時會延長","キャラクターはカウントダウン中サーバーに留まり、自動戦闘ログアウト検出によりカウントダウンが延長されます。"
STR_CfgVehicles_ZenZippoLighter0,"Zippo","Zippo","Zippo","Zippo","Зиппо","Zippo","Zippo","Zippo","Zippo","Zippo","之寶","ジッポー"
STR_CfgVehicles_ZenZippoLighter1,"A trusty and sturdy refillable Zippo lighter. Looks old, but reliable.","A trusty and sturdy refillable Zippo lighter. Looks old, but reliable.","Spolehlivý a robustní plnitelný zapalovač ZippoVypadá staře, ale spolehlivě.","Ein zuverlässiges und robustes nachfüllbares Zippo-FeuerzeugSieht alt aus, aber zuverlässig.","Надежная и прочная многоразовая зажигалка Zippo.Выглядит старым, но надежным.","Niezawodna i wytrzymała zapalniczka Zippo z możliwością wielokrotnego napełnianiaWygląda na stary, ale niezawodny.","Megbízható és masszív újratölthető Zippo öngyújtóRéginek tűnik, de megbízható.","Un accendino Zippo ricaricabile affidabile e robustoSembra vecchio, ma affidabile.","Un encendedor Zippo recargable confiable y resistenteParece viejo, pero confiable..","Un briquet Zippo rechargeable fiable et robusteIl a l'air vieux, mais fiable.","值得信賴且堅固的可再填充 Zippo 打火機看起來很舊，但可靠.","信頼できる頑丈な詰め替え可能なZippoライター見た目は古いけど信頼できる."
STR_CfgVehicles_ZenSwissKnife0,"Swiss Army Knife","Swiss Army Knife","Švýcarský armádní nůž","Schweizer Taschenmesser","Швейцарский армейский нож","Szwajcarski scyzoryk","svájci bicska","Coltellino svizzero","Cuchillo del ejército suizo","Couteau suisse","瑞士軍刀","スイスアーミーナイフ"
STR_CfgVehicles_ZenSwissKnife1,"A survival multi-tool - can act as a knife, a can opener, a screwdriver, a sewing kit, a lockpick and a wood saw. Each tool has its own durability.","A survival multi-tool - can act as a knife, a can opener, a screwdriver, a sewing kit, a lockpick and a wood saw. Each tool has its own durability.","Multifunkční nástroj pro přežití – může fungovat jako nůž, otvírák na konzervy, šroubovák, sada na šití, trn a pilka na dřevoKaždý nástroj má svou vlastní trvanlivost.","Ein Survival-Multitool – kann als Messer, Dosenöffner, Schraubenzieher, Nähset, Dietrich und Holzsäge dienenJedes Werkzeug hat seine eigene Haltbarkeit.","Мультиинструмент для выживания — может действовать как нож, консервный нож, отвертка, швейный набор, отмычка и пила по дереву.Каждый инструмент имеет свою долговечность..","Multitool survivalowy - może pełnić funkcję noża, otwieracza do puszek, śrubokręta, zestawu do szycia, wytrycha i piły do \u200b\u200bdrewnaKażde narzędzie ma swoją trwałość.","Túlélő többfunkciós szerszám - késként, konzervnyitóként, csavarhúzóként, varrókészletként, zárpiszkálóként és fafűrészként is használhatóMinden eszköznek megvan a maga tartóssága.","Uno strumento multiuso di sopravvivenza: può fungere da coltello, apriscatole, cacciavite, kit da cucito, grimaldello e sega per legnoOgni strumento ha la sua durata.","Una multiherramienta de supervivencia: puede actuar como un cuchillo, un abrelatas, un destornillador, un kit de costura, una ganzúa y una sierra para madera.Cada herramienta tiene su propia durabilidad..","Un outil multifonction de survie : peut servir de couteau, d'ouvre-boîte, de tournevis, de kit de couture, de crochet et de scie à bois.Chaque outil a sa propre durabilité.","生存多功能工具 - 可用作刀、開罐器、螺絲起子、針線包、開鎖器和木鋸每個工具都有自己的耐用性.","サバイバルマルチツール - ナイフ、缶切り、ドライバー、裁縫セット、ロックピック、木材のこぎりとして機能します。各ツールには独自の耐久性があります."
STR_ZenAction_Extend,"Extend","Extend","Rozšířit","Verlängern","Продлевать","Rozszerzyć","Kiterjeszt","Estendere","Extender","Étendre","延長","伸ばす"
STR_ZenAction_Retract,"Retract","Retract","Zatáhnout","Einfahren","Втягивание","Wycofać","Visszavonás","Ritrattare","Retraer","Se rétracter","縮回","撤回"
STR_ZenMusic_VolumeDown,"Turn volume down","Turn volume down","Snižte hlasitost","Drehen Sie die Lautstärke herunter","Уменьшите громкость","Zmniejsz głośność","Csökkentse a hangerőt","Abbassa il volume","Bajar el volumen","Baisser le volume","調低音量","音量を下げる"
STR_ZenMusic_VolumeUp,"Turn volume up","Turn volume up","Zvyšte hlasitost","Erhöhen Sie die Lautstärke","Увеличьте громкость","Zwiększ głośność","Tekerje fel a hangerőt","Alza il volume","subir el volumen","Augmentez le volume","調高音量","音量を上げる"
STR_ZenAction_Knife,"Knife","Knife","Nůž","Messer","Нож","Nóż","Kés","Coltello","Cuchillo","Couteau","刀","ナイフ"
STR_ZenAction_Saw,"Saw","Saw","Viděl","Gesehen","Пила","Piła","Fűrész","Sega","Sierra","Scie","鋸","見た"
STR_CfgVehicles_ZenSleepingBag0,"Sleeping Bag","Sleeping Bag","Spací pytel","Schlafsack","Спальный мешок","Śpiwór","Hálózsák","Sacco a pelo","Bolsa de dormir","Sac de couchage","睡袋","寝袋"
STR_CfgVehicles_ZenSleepingBag1,"A warm sleeping bag. I could comfortably sleep in this anywhere, any time!","A warm sleeping bag. I could comfortably sleep in this anywhere, any time!","Teplý spací pytelMohl bych v tom pohodlně spát kdekoli a kdykoli!","Ein warmer SchlafsackDarin konnte ich jederzeit und überall bequem schlafen!","Теплый спальный мешокЯ мог бы комфортно спать в этом где угодно и когда угодно.!","Ciepły śpiwórMogłabym w nim wygodnie spać gdziekolwiek i kiedykolwiek!","Meleg hálózsákBárhol, bármikor kényelmesen el tudnék aludni ebben!","Un sacco a pelo caldoPotrei dormirci comodamente ovunque, in qualsiasi momento!","Un saco de dormir calentitoPodría dormir cómodamente en esto en cualquier lugar y en cualquier momento.!","Un sac de couchage chaudJe pourrais dormir confortablement là-dedans n'importe où, n'importe quand!","一個溫暖的睡袋我可以隨時隨地舒適地睡在裡面!","暖かい寝袋これでいつでもどこでも快適に眠れます!"
STR_CfgVehicles_ZenRune0,"Rune","Rune","Runa","Rune","Руна","Runa","Rúna","Runa","Runa","Rune","符文","ルーン"
STR_CfgVehicles_ZenRune1,"Some sort of rune used for magic rituals. I wonder if it actually works...","Some sort of rune used for magic rituals. I wonder if it actually works...","Nějaký druh runy používané pro magické rituályZajímalo by mě, jestli to skutečně funguje.","Eine Art Rune, die für magische Rituale verwendet wirdIch frage mich, ob es tatsächlich funktioniert.","Какая-то руна, используемая в магических ритуалах.Интересно, действительно ли это работает.","Jakiś rodzaj runy używanej do magicznych rytuałówZastanawiam się, czy to rzeczywiście działa.","Valamilyen rúna, amelyet mágikus rituálékhoz használnakKíváncsi vagyok, valóban működik-e.","Una sorta di runa usata per rituali magiciMi chiedo se funzioni davvero.","Algún tipo de runa utilizada para rituales mágicos.Me pregunto si realmente funciona.","Une sorte de rune utilisée pour les rituels magiquesJe me demande si ça marche réellement.","用於魔法儀式的某種符文我想知道它是否真的有效.","魔法の儀式に使用されるある種のルーン文字本当に効果あるのかな."
STR_CfgVehicles_ZenWhisky0,"Jameson Whisky","Jameson Whisky","Jameson Whisky","Jameson Whisky","Джеймсон Виски","Whisky Jamesona","Jameson whisky","Whisky Jameson","whisky jameson","Whisky Jameson","尊美醇威士忌","ジェムソン ウイスキー"
STR_CfgVehicles_ZenWhisky1,"Smooth Irish whisky made the John Jameson way since 1780.","Smooth Irish whisky made the John Jameson way since 1780.","Hladká irská whiskey vyráběná způsobem Johna Jamesona od roku 1780","Sanfter irischer Whisky, seit 1780 nach John Jameson-Art hergestellt","Гладкий ирландский виски прославился Джоном Джеймсоном с 1780 года.","Gładka irlandzka whisky podążała drogą Johna Jamesona od 1780 roku","A sima ír whisky 1780 óta a John Jameson módjára készült","Il morbido whisky irlandese è prodotto secondo la tradizione di John Jameson dal 1780","Whisky irlandés suave elaborado al estilo John Jameson desde 1780","Whisky irlandais doux fabriqué à la manière de John Jameson depuis 1780","自 1780 年以來，柔滑的愛爾蘭威士忌一直是約翰詹姆森 (John Jameson) 的風格","1780 年以来、ジョン ジェムソンのやり方で作られた滑らかなアイリッシュ ウイスキー"
STR_CfgVehicles_ZenWhisky2,"This bottle used to contain whisky, but I guess a survivor got pretty thirsty...","This bottle used to contain whisky, but I guess a survivor got pretty thirsty...","Tato láhev dříve obsahovala whisky, ale myslím, že přeživší dostal docela žízeň","Diese Flasche enthielt früher Whisky, aber ich schätze, ein Überlebender war ziemlich durstig","Раньше в этой бутылке был виски, но, думаю, выжившему очень хотелось пить.","W tej butelce była kiedyś whisky, ale myślę, że ktoś, kto przeżył, był bardzo spragniony","Ez az üveg whiskyt tartalmazott, de azt hiszem, egy túlélő nagyon megszomjazott","Questa bottiglia conteneva whisky, ma immagino che un sopravvissuto avesse una bella sete","Esta botella solía contener whisky, pero supongo que un superviviente tuvo mucha sed.","Cette bouteille contenait du whisky, mais je suppose qu'un survivant a eu assez soif","這瓶酒以前裝的是威士忌，但我猜倖存者已經很渴了","このボトルにはウィスキーが入っていましたが、生存者はかなり喉が渇いていたのでしょう"
STR_CfgVehicles_ZenRabbitMask0,"Rabbit Mask","Rabbit Mask","Maska králíka","Kaninchenmaske","Маска кролика","Maska Królika","Nyúl maszk","Maschera da coniglio","Máscara de conejo","Masque de lapin","兔子麵具","ウサギのマスク"
STR_CfgVehicles_ZenRabbitMask1,"An Easter bunny rabbit mask.","An Easter bunny rabbit mask.","Maska velikonočního králíka","Eine Osterhasen-Kaninchenmaske","Маска пасхального кролика.","Maska króliczka wielkanocnego","Húsvéti nyuszi nyúl maszk","Una maschera da coniglietto pasquale","Una máscara de conejo de Pascua","Un masque de lapin de Pâques","復活節兔子麵具","イースターバニーウサギのマスク"
STR_CfgVehicles_ZenRayBans0,"Ray-Ban Wayfarers","Ray-Ban Wayfarers","Ray-Ban Wayfarers","Ray-Ban Wayfarer","Ray-Ban Wayfarers","Ray-Ban Wayfarers","Ray-Ban Wayfarers","Ray-Ban Wayfarer","Caminantes Ray-Ban","Ray-Ban Wayfarers","雷朋徒步旅行者","レイバン ウェイファーラー"
STR_CfgVehicles_ZenRayBans1,"Are you gonna bark all day, little doggy, or are you gonna bite?","Are you gonna bark all day, little doggy, or are you gonna bite?","Budeš celý den štěkat, pejsku, nebo budeš kousat?","Wirst du den ganzen Tag bellen, kleiner Hund, oder wirst du beißen?","Ты будешь лаять весь день, маленькая собачка, или собираешься укусить?","Będziesz szczekał cały dzień, psiaku, czy będziesz gryzł","Egész nap ugatsz, kis kutyus, vagy harapsz?","Abbaierai tutto il giorno, cagnolino, o morderai?","¿Vas a ladrar todo el día, perrito, o vas a morder?","Vas-tu aboyer toute la journée, petit chien, ou vas-tu mordre","小狗狗，你會整天吠叫，還是會咬人？","一日中吠えるつもりですか、子犬ちゃん、それとも噛むつもりですか"
STR_CfgVehicles_ZenGlovebox,"Glovebox","Glovebox","Schránka na rukavice","Handschuhfach","Бардачок","Pudełko na rękawiczki","Kesztyűtartó","Scatola di guanti","guantera","Boite à gants","手套箱","グローブボックス"
STR_CfgVehicles_ZenCassetteCase0,"Cassette Case","Cassette Case","Kazetové pouzdro","Kassettenhülle","Кассетный футляр","Etui na kasetę","Kazettás tok","Custodia per cassetta","Caja de casete","Étui à cassettes","盒式磁帶盒","カセットケース"
STR_CfgVehicles_ZenCassetteCase1,"This case can hold my music collection!","This case can hold my music collection!","Do tohoto pouzdra se vejde moje hudební sbírka","Dieser Koffer bietet Platz für meine Musiksammlung","В этом футляре можно хранить мою музыкальную коллекцию","W tej walizce zmieści się moja kolekcja muzyki","Ez a tok elfér a zenei gyűjteményemben","Questa custodia può contenere la mia collezione musicale","Este estuche puede contener mi colección de música.","Cette mallette peut contenir ma collection de musique","這個盒子可以容納我的音樂收藏","このケースには私の音楽コレクションを収納できます"
STR_CfgVehicles_ZenBoombox0,"Boombox","Boombox","Boombox","Boombox","Бумбокс","Boombox","Boombox","Boombox","boombox","Boombox","音箱","ラジカセ"
STR_CfgVehicles_ZenBoombox1,"An oldschool boombox cassette player. I can use this to listen to cassettes - but I better be careful, the infected don't have a great taste in music.","An oldschool boombox cassette player. I can use this to listen to cassettes - but I better be careful, the infected don't have a great taste in music.","Oldschoolový boombox kazetový přehrávačMůžu to použít k poslechu kazet - ale raději budu opatrný, infikovaní nemají zrovna dobrý vkus.","Ein Boombox-Kassettenspieler der alten SchuleIch kann damit Kassetten anhören – aber ich bin besser vorsichtig, die Infizierten haben keinen großen Musikgeschmack.","Кассетный плеер старой школы с бумбоксом.Я могу использовать это для прослушивания кассет, но мне лучше быть осторожным, у зараженных нет хорошего музыкального вкуса..","Oldschoolowy odtwarzacz kasetowy typu boomboxMogę tego używać do słuchania kaset - ale lepiej uważaj, zarażeni nie mają zbyt dobrego gustu muzycznego.","Oldschool boombox kazettás lejátszóHasználhatom kazettahallgatásra - de jobb, ha vigyázok, a fertőzötteknek nincs nagy zenei ízlésük.","Un lettore di cassette stereo vecchio stilePosso usarlo per ascoltare le cassette, ma è meglio fare attenzione, gli infetti non hanno un grande gusto per la musica.","Un reproductor de casetes boombox de la vieja escuelaPuedo usar esto para escuchar casetes, pero será mejor que tenga cuidado, los infectados no tienen muy buen gusto musical..","Un lecteur de cassettes boombox à l'ancienneJe peux l'utiliser pour écouter des cassettes - mais je ferais mieux d'être prudent, les infectés n'ont pas beaucoup de goût en matière de musique.","老式音箱錄音機我可以用它來聽磁帶 - 但我最好小心，感染者對音樂沒有很好的品味.","昔ながらのラジカセ カセット プレーヤーこれを使ってカセットを聞くことができますが、感染者は音楽の趣味があまり良くないので注意したほうがいいです。."
STR_CfgVehicles_ZenWalkman0,"Walkman","Walkman","Walkman","Walkman","Walkman","Walkmana","Walkman","Walkman","walkman","Baladeur","隨身聽","ウォークマン"
STR_CfgVehicles_ZenWalkman1,"An old walkman cassette player. I can use this to listen to cassettes - but I better be careful, the infected don't have a great taste in music.","An old walkman cassette player. I can use this to listen to cassettes - but I better be careful, the infected don't have a great taste in music.","Starý kazeťák walkmanMůžu to použít k poslechu kazet - ale raději budu opatrný, infikovaní nemají zrovna dobrý vkus.","Ein alter Walkman-KassettenspielerIch kann damit Kassetten anhören – aber ich bin besser vorsichtig, die Infizierten haben keinen großen Musikgeschmack.","Старый кассетный плеер WalkmanЯ могу использовать это для прослушивания кассет, но мне лучше быть осторожным, у зараженных нет хорошего музыкального вкуса..","Stary odtwarzacz kasetowy walkmanMogę tego używać do słuchania kaset - ale lepiej uważaj, zarażeni nie mają zbyt dobrego gustu muzycznego.","Egy régi walkman kazettás lejátszóHasználhatom kazettahallgatásra - de jobb, ha vigyázok, a fertőzötteknek nincs nagy zenei ízlésük.","Un vecchio lettore di cassette walkmanPosso usarlo per ascoltare le cassette, ma è meglio fare attenzione, gli infetti non hanno un grande gusto per la musica.","Un viejo reproductor de casetes walkmanPuedo usar esto para escuchar casetes, pero será mejor que tenga cuidado, los infectados no tienen muy buen gusto musical..","Un vieux lecteur de cassettes walkmanJe peux l'utiliser pour écouter des cassettes - mais je ferais mieux d'être prudent, les infectés n'ont pas beaucoup de goût en musique.","一台舊隨身聽卡式錄音機我可以用它來聽磁帶 - 但我最好小心，感染者對音樂沒有很好的品味.","古いウォークマンのカセットプレーヤーこれを使ってカセットを聞くことができますが、感染者は音楽の趣味があまり良くないので注意したほうがいいです。."
STR_CfgVehicles_ZenCassette0,"Cassette","Cassette","Kazeta","Kassette","Кассета","Kaseta","Kazetta","Cassetta","Casete","Cassette","卡式磁帶","カセット"
STR_CfgVehicles_ZenCassette1,"An audio cassette... I wonder if it still works?","An audio cassette... I wonder if it still works?","Zvuková kazetaZajímalo by mě, jestli to ještě funguje.","Eine AudiokassetteIch frage mich, ob es noch funktioniert.","АудиокассетаИнтересно, оно все еще работает?.","Kaseta audioZastanawiam się, czy to nadal działa.","Egy hangkazettaKíváncsi vagyok, működik-e még.","Una cassetta audioMi chiedo se funzioni ancora.","Un casete de audioMe pregunto si todavía funciona.","Une cassette audioJe me demande si ça marche toujours.","錄音帶我想知道它是否仍然有效.","オーディオカセットまだ効くのかな."
STR_CfgVehicles_ZenDamagedBox,"It's badly damaged, if I try to pick it up it's going to fall to pieces.","It's badly damaged, if I try to pick it up it's going to fall to pieces.","Je těžce poškozený, když se ho pokusím zvednout, rozpadne se na kusy","Es ist stark beschädigt, wenn ich versuche, es aufzuheben, wird es auseinanderfallen","Он сильно поврежден, если я попытаюсь его поднять, он развалится на куски.","Jest poważnie uszkodzony, jeśli spróbuję go podnieść, rozpadnie się na kawałki","Súlyosan sérült, ha megpróbálom felvenni darabokra hullik","È molto danneggiato, se provo a raccoglierlo cadrà a pezzi","Está muy dañado, si intento levantarlo se va a caer en pedazos.","Il est très endommagé, si j'essaye de le ramasser, il va tomber en morceaux","它已嚴重損壞，如果我試圖撿起它，它就會碎成碎片","かなり傷んでいて、持ち上げようとすると粉々になってしまいそう"
STR_CfgVehicles_ZenPhoto0,"Old Photo","Old Photo","Stará fotka","Altes Foto","Старая фотография","Stare zdjęcie","Régi fénykép","Vecchia foto","Foto vieja","Vieille photo","舊照片","古い写真"
STR_CfgVehicles_ZenPhoto1,"A mysterious photograph - something is written on the back...","A mysterious photograph - something is written on the back...","Tajemná fotografie - na zadní straně je něco napsáno","Ein mysteriöses Foto – auf der Rückseite steht etwas geschrieben","Загадочная фотография - на обороте что-то написано","Tajemnicza fotografia - na odwrocie jest coś napisane","Egy titokzatos fénykép – a hátuljára van írva valami","Una fotografia misteriosa: sul retro c'è scritto qualcosa","Una fotografía misteriosa: algo está escrito en el reverso.","Une photographie mystérieuse - quelque chose est écrit au dos","一張神祕的照片——背面寫著什麼","謎の写真 裏に何か書かれている"
STR_CfgVehicles_ZenWolfMask0,"Wolf Mask","Wolf Mask","Vlčí maska","Wolfsmaske","Маска Волка","Maska Wilka","Farkas maszk","Maschera di lupo","Máscara de lobo","Masque de loup","狼面具","オオカミのマスク"
STR_CfgVehicles_ZenWolfMask1,"A mask made from the head of a dead wolf.","A mask made from the head of a dead wolf.","Maska vyrobená z hlavy mrtvého vlka","Eine Maske aus dem Kopf eines toten Wolfes","Маска из головы мертвого волка.","Maska wykonana z głowy martwego wilka","Egy döglött farkas fejéből készült maszk","Una maschera ricavata dalla testa di un lupo morto","Una máscara hecha con la cabeza de un lobo muerto.","Un masque fabriqué à partir de la tête d'un loup mort","用死狼頭製成的面具","死んだオオカミの頭から作られたマスク"
STR_CfgVehicles_ZenGrave0,"R.I.P.","R.I.P.","Hrob","Grab","Могила","Grób","Sír","Grave","Tumba","Tombe","墳","墓"
STR_CfgVehicles_ZenGrave1,"This grave is unmarked, except for the date. I wonder who died here, and how...","This grave is unmarked, except for the date. I wonder who died here, and how...","Tento hrob je neoznačený, kromě dataZajímalo by mě, kdo tady zemřel a jak.","Dieses Grab ist bis auf das Datum nicht markiertIch frage mich, wer hier gestorben ist und wie.","На этой могиле нет пометок, за исключением датыИнтересно, кто здесь умер и как.","Grób ten jest nieoznaczony, z wyjątkiem datyZastanawiam się, kto tu zginął i jak.","Ez a sír jelöletlen, kivéve a dátumotKíváncsi vagyok, ki halt meg itt, és hogyan.","Questa tomba non è contrassegnata, tranne che per la dataMi chiedo chi sia morto qui e come.","Esta tumba no está marcada, excepto por la fecha.Me pregunto quién murió aquí y cómo..","Cette tombe n'est pas marquée, sauf la dateJe me demande qui est mort ici et comment.","這個墳墓除了日期之外沒有任何標記我想知道誰死在這裡，又是怎麼死的.","この墓には日付以外は何も記されていないここで誰が、どのようにして亡くなったのだろうか."
STR_CfgVehicles_ZenSkeleton0,"Skeleton","Skeleton","Kostra","Skelett","Скелет","Szkielet","Csontváz","Scheletro","Esqueleto","Squelette","骨骼","スケルトン"
STR_CfgVehicles_ZenSkeleton1,"Yuck.","Yuck.","fuj","Igitt","Фу","Fuj","fúj","che schifo","¡Qué asco!","Beurk","噁心","うわー"
STR_CfgVehicles_ZenCamoShelterKit0,"Camo Net Shelter Kit","Camo Net Shelter Kit","Sada krytu maskovací sítě","Tarnnetz-Schutzset","Комплект укрытия камуфляжной сеткой","Zestaw osłony z siatki maskującej","Camo Net Shelter Kit","Kit di protezione per rete mimetica","Kit de refugio de red de camuflaje","Kit d'abri en filet de camouflage","迷彩網庇護所套件","迷彩ネット シェルター キット"
STR_Zen_ImprovisedShelter0,"Camo Net Shelter","Camo Net Shelter","Camo Net úkryt","Tarnnetz-Schutz","Камуфляжное укрытие","Schronienie z siatki kamuflażowej","Camo Net Shelter","Riparo in rete mimetica","Refugio de red de camuflaje","Abri en filet de camouflage","迷彩網庇護所","迷彩ネットシェルター"
STR_CfgVehicles_ZenCamoNetStrip0,"Strip of Camo Netting","Strip of Camo Netting","Proužek camo síťoviny","Streifen aus Tarnnetz","Полоса камуфляжной сетки","Pasek siatki Camo","Camo Netting csík","Striscia di rete mimetica","Tira de red de camuflaje","Bande de filet de camouflage","迷彩網帶","カモフラージュネットのストリップ"
STR_CfgVehicles_ZenCamoNetStrip1,"A short strip crafted from a camo net. If I combine it with some Netting I can make a ghillie out of this...","A short strip crafted from a camo net. If I combine it with some Netting I can make a ghillie out of this...","Krátký proužek vytvořený z maskovací sítěKdyž to zkombinuju s nějakou síťovinou, můžu z toho udělat ghillie.","Ein kurzer Streifen aus einem TarnnetzWenn ich es mit etwas Netz kombiniere, kann ich daraus einen Ghillie machen.","Короткая полоска из камуфляжной сетки.Если я совмещу это с сеткой, я смогу сделать из этого маскировочный костюм..","Krótki pasek wykonany z siatki maskującejJeśli połączę to z siatką, mogę zrobić z tego ghillie.","Camo hálóból készült rövid csíkHa kombinálom valamilyen netezéssel, akkor ebből ghillie-t csinálhatok.","Una breve striscia realizzata con una rete mimeticaSe lo combino con un po' di rete posso farne un ghillie.","Una tira corta confeccionada con una red de camuflaje.Si lo combino con un poco de Netting puedo hacer un ghillie con esto..","Une courte bande confectionnée à partir d'un filet camouflageSi je le combine avec du filet, je peux en faire un ghillie..","由迷彩網製成的短帶如果我把它和一些網結合起來我可以用它來製作一個吉利.","迷彩柄のネットから作られたショートストリップいくつかのネットと組み合わせれば、これでギリーを作ることができます."
STR_CfgVehicles_ZenConcussionGrenade0,"MK3 Grenade","MK3 Grenade","Granát MK3","MK3-Granate","Граната МК3","Granat MK3","MK3 gránát","Granata MK3","Granada MK3","Grenade MK3","MK3 手榴彈","MK3 グレネード"
STR_CfgVehicles_ZenConcussionGrenade1,"The MK3 hand grenade is a non-lethal grenade that produces minimal shrapnel and is capable of knocking survivors unconscious.","The MK3 hand grenade is a non-lethal grenade that produces minimal shrapnel and is capable of knocking survivors unconscious.","Ruční granát MK3 je nesmrtící granát, který produkuje minimální šrapnel a je schopen přeživší uvést do bezvědomí.","Die MK3-Handgranate ist eine nicht-tödliche Granate, die nur minimale Splitter erzeugt und in der Lage ist, Überlebende bewusstlos zu machen","Ручная граната МК3 — это несмертельная граната, производящая минимальное количество осколков и способная лишить выживших сознания.","Granat ręczny MK3 to granat nieśmiercionośny, który wytwarza minimalną ilość odłamków i jest w stanie pozbawić ocalałych przytomności","Az MK3 kézigránát egy nem halálos gránát, amely minimális repeszeket termel, és képes a túlélők eszméletvesztésére.","La bomba a mano MK3 è una granata non letale che produce poche schegge ed è in grado di far perdere i sensi ai sopravvissuti","La granada de mano MK3 es una granada no letal que produce una mínima metralla y es capaz de dejar inconscientes a los supervivientes.","La grenade à main MK3 est une grenade non mortelle qui produit un minimum d'éclats d'obus et est capable d'assommer les survivants.","MK3 手榴彈是一種非致命性手榴彈，產生的彈片極少，能夠將倖存者擊昏","MK3 手榴弾は、破片の発生を最小限に抑え、生存者を気絶させることができる非致死性手榴弾です。"
STR_CfgVehicles_ZenEmptyCan0,"Empty Can","Empty Can","Prázdná plechovka","Leere Dose","Пустая банка","Pusta puszka","Üres doboz","Lattina vuota","Lata vacia","Cannette vide","空罐","空き缶"
STR_CfgVehicles_ZenEmptyCan1,"An empty food can. It must have been recently discarded by a survivor...","An empty food can. It must have been recently discarded by a survivor...","Prázdná plechovka od jídlaMusel to být nedávno vyřazen přeživším.","Eine leere KonservendoseEs muss kürzlich von einem Überlebenden weggeworfen worden sein.","Пустая консервная банкаДолжно быть, его недавно выбросил выживший..","Pusta puszka po jedzeniuMusiał zostać niedawno wyrzucony przez ocalałego.","Egy üres ételdobozBiztosan nemrég dobta ki egy túlélő.","Una lattina di cibo vuotaDeve essere stato scartato di recente da un sopravvissuto.","Una lata de comida vacía.Debe haber sido descartado recientemente por un sobreviviente..","Une boîte de conserve videIl a dû être récemment abandonné par un survivant.","一個空的食物罐頭它一定是最近被倖存者丟棄的.","空の食品缶最近生存者によって捨てられたに違いない."
STR_ZenGui_MusicSettings,"CASSETTE MUSIC","CASSETTE MUSIC","KAZETOVÁ HUDBA","KASSETTENMUSIK","КАССЕТНАЯ МУЗЫКА","MUZYKA KASETOWA","KAZETTA ZENE","MUSICA SU CASSETTA","MÚSICA EN CASSETTE","CASSETTES MUSIQUES","盒式音樂","カセットミュージック"
STR_ZenGui_ShowRadioBadge,"RADIO BADGE","RADIO BADGE","ODZNAK RÁDIA","FUNKABZEICHEN","РАДИО ЗНАК","ODZNACZKA RADIOWA","RÁDIÓJELZŐ","DISTINTIVO RADIO","INSIGNIA DE RADIO","INSIGNE RADIO","無線電徽章","ラジオバッジ"
STR_ZenGui_AdminTitle,"Server Admin Message","Server Admin Message","Zpráva správce serveru","Server-Administrator-Nachricht","Сообщение администратора сервера","Wiadomość administratora serwera","Szerveradminisztrációs üzenet","Messaggio dell'amministratore del server","Mensaje de administrador del servidor","Message de l'administrateur du serveur","伺服器管理訊息","サーバー管理者のメッセージ"
STR_ZenGui_AdminSubtitle,"This is a message from the server admins","This is a message from the server admins","Toto je zpráva od administrátorů serveru","Dies ist eine Nachricht der Serveradministratoren","Это сообщение от администраторов сервера","To jest wiadomość od administratorów serwera","Ez egy üzenet a szerver adminisztrátorától","Questo è un messaggio dagli amministratori del server","Este es un mensaje de los administradores del servidor.","Ceci est un message des administrateurs du serveur","這是來自伺服器管理員的消息","サーバー管理者からのメッセージです"
STR_ZenGui_NoCopyright,"No Copyright","No Copyright","Žádná autorská práva","Kein Urheberrecht","Нет авторских прав","Brak praw autorskich","Nincs szerzői jog","Nessun diritto d'autore","Sin derechos de autor","Aucun droit d'auteur","無版權","著作権なし"
